seed,scenario,policy,outcome,success,collisions,position_rmse_m,odometry_rmse_m,heading_rmse_rad,final_error_m,goal_error_m,recoveries,elapsed_s,time_to_goal_s
100,nominal,fixed,success,True,0,0.11585455315774294,0.08710260036831004,0.028285402751864117,0.2660972511113739,0.30130343790553615,0,32.0,32.0
101,nominal,fixed,success,True,0,0.019054922832684465,0.019220646536523174,0.006925316204228993,0.047918080645764825,0.06762161160477645,0,32.2,32.2
102,nominal,fixed,success,True,0,0.1305260261547569,0.13047111507569786,0.025277531604899147,0.28184530655014817,0.3164771186303437,0,32.0,32.0
103,nominal,fixed,success,True,0,0.14085483586139394,0.14053965565520687,0.028355503393452507,0.3046234621401845,0.28103290579472023,0,32.0,32.0
104,nominal,fixed,success,True,0,0.052135103038606974,0.052254237122785215,0.011817395702020868,0.10453265739679599,0.1438367485756195,0,32.1,32.1
105,nominal,fixed,missed_goal,False,0,0.17200301207414787,0.17290801604069783,0.035614665473643614,0.3959286813210434,0.4256616155391899,0,32.0,
106,nominal,fixed,success,True,0,0.09696840747799612,0.0966063341779305,0.014708247050092488,0.14325792021134984,0.10966136759479528,0,32.0,32.0
107,nominal,fixed,success,True,0,0.15261968622352845,0.16953127842430674,0.03190148281197043,0.3275672105323439,0.3027305568076801,0,32.1,32.1
108,nominal,fixed,missed_goal,False,0,0.19110609989212574,0.19087925263104072,0.043462550649403284,0.4441561795237439,0.4219390347881512,0,32.0,
109,nominal,fixed,success,True,0,0.058472139046862555,0.05786134341088967,0.008835741559440217,0.09556586960705048,0.1496672889425826,0,32.0,32.0
110,nominal,fixed,success,True,0,0.04683542341821528,0.04452932005007233,0.006268681842357178,0.07484159945556476,0.12447529803115598,0,32.0,32.0
111,nominal,fixed,success,True,0,0.032390498874931034,0.031387149855036364,0.011691852945769363,0.10113501760884094,0.10963876867370279,0,32.1,32.1
112,nominal,fixed,success,True,0,0.13308560784077805,0.13395454771863696,0.025758736100018664,0.29140917780318215,0.32244689354344525,0,32.0,32.0
113,nominal,fixed,success,True,0,0.11480056869834687,0.11483748468840255,0.025839122176195727,0.24589236022440858,0.21958899266537782,0,32.0,32.0
114,nominal,fixed,missed_goal,False,0,0.17031439168104512,0.12873130070114325,0.029324135138083057,0.3432739232332071,0.377119423030556,0,32.0,
115,nominal,fixed,success,True,0,0.12947685437872108,0.12909709102541778,0.027186283042548432,0.3037601409831798,0.29004000893479004,0,32.1,32.1
116,nominal,fixed,success,True,0,0.05784958048641765,0.057582504424760365,0.012426827403111913,0.12925567972333632,0.16715417503704585,0,32.0,32.0
117,nominal,fixed,success,True,0,0.08537585126636303,0.08629375316454826,0.017604126329671982,0.18879290872350007,0.22537033391666483,0,32.0,32.0
118,nominal,fixed,success,True,0,0.07460683667670333,0.075376301888276,0.013788799744863627,0.15512787890402308,0.1928275400490415,0,32.0,32.0
119,nominal,fixed,missed_goal,False,0,0.23996392079348142,0.24072167756479465,0.04911958051719987,0.5415361509995178,0.571964504489645,0,32.0,
120,nominal,fixed,missed_goal,False,0,0.17870639961767834,0.1788921801743687,0.03335846253518604,0.36833204456710483,0.4061355824237541,0,32.0,
121,nominal,fixed,success,True,0,0.023583800734962964,0.021931642649196184,0.005927979434939637,0.018120496296662306,0.06987193134798199,0,32.0,32.0
122,nominal,fixed,success,True,0,0.07637683827982378,0.07628232716549395,0.01837033048848625,0.184553649298407,0.2167555980895373,0,32.1,32.1
123,nominal,fixed,success,True,0,0.025217278453983076,0.02612031230672405,0.004815005649146953,0.027473897557660037,0.032608127330190834,0,32.0,32.0
124,nominal,fixed,success,True,0,0.0816740667090574,0.08154910605382075,0.015043512414240767,0.15766247030069414,0.13250341092457907,0,32.1,32.1
125,nominal,fixed,success,True,0,0.031002296810858927,0.03212293283844753,0.005832354524187486,0.03920179014288812,0.08603222520198171,0,32.2,32.2
126,nominal,fixed,success,True,0,0.037287238589714104,0.03893344469812549,0.005665463204551983,0.05327670003367796,0.1037314584728372,0,32.0,32.0
127,nominal,fixed,success,True,0,0.04672132608527038,0.04440600704426008,0.009102862818189934,0.10915446815740945,0.117859122626473,0,32.1,32.1
128,nominal,fixed,success,True,0,0.11823848344555637,0.11830465242138564,0.023740597851594616,0.26485171801039126,0.24452800471361896,0,32.0,32.0
129,nominal,fixed,success,True,0,0.15583281679448746,0.15627256288611185,0.031568533526321274,0.3238848084985768,0.2973171895186652,0,32.1,32.1
130,nominal,fixed,success,True,0,0.06041642763275008,0.06057332234277193,0.013468985363842863,0.13939307259885406,0.17567872981547203,0,32.0,32.0
131,nominal,fixed,success,True,0,0.015770117520111912,0.01607101953391025,0.004574252982875492,0.03257789335934134,0.08014483116858852,0,32.0,32.0
132,nominal,fixed,success,True,0,0.0905126159025014,0.09221258695005191,0.013644844491658273,0.15153868624567635,0.19850325931392687,0,32.0,32.0
133,nominal,fixed,success,True,0,0.04675246308114338,0.0458399840251645,0.007731024133291776,0.03992151123122322,0.022842486552423834,0,32.0,32.0
134,nominal,fixed,success,True,0,0.12589969914581503,0.12497610402423576,0.02785949375469512,0.2867002633689281,0.2651263015606491,0,32.0,32.0
135,nominal,fixed,success,True,0,0.03042754504697876,0.030323474084368352,0.005391468784973053,0.05177691544538813,0.04204783798846561,0,32.1,32.1
136,nominal,fixed,success,True,0,0.1391903451429698,0.13933838723676,0.025021511965521392,0.28739420785295866,0.2624536094019275,0,32.0,32.0
137,nominal,fixed,success,True,0,0.08878706163232258,0.08976665315948609,0.015499313122123227,0.16673146250835072,0.2049864895420955,0,32.1,32.1
138,nominal,fixed,success,True,0,0.10766392962385982,0.10924082044262694,0.020363483955343688,0.23050162457853762,0.2547999356074242,0,32.1,32.1
139,nominal,fixed,success,True,0,0.03361798831996553,0.03424076630734875,0.0052819139574893205,0.04428484510707654,0.09273022651925776,0,32.1,32.1
140,nominal,fixed,missed_goal,False,0,0.17971031249432587,0.1797395157832593,0.03776830659417634,0.3999842211589512,0.42972367401387446,0,32.1,
141,nominal,fixed,missed_goal,False,0,0.22799399068348442,0.22819565348911847,0.04654383160919382,0.4976578558850564,0.5279441574604378,0,32.1,
142,nominal,fixed,missed_goal,False,0,0.19429300997840987,0.1466672271108142,0.03525840117435065,0.4184153420537584,0.4016622784468353,0,32.1,
143,nominal,fixed,missed_goal,False,0,0.15649461192561157,0.1573033046379848,0.030239150546839177,0.331513814300431,0.3669925101700653,0,32.0,
144,nominal,fixed,success,True,0,0.12086274614555637,0.12069261179446417,0.021988584058049092,0.23361257059405824,0.20050776181757438,0,32.1,32.1
145,nominal,fixed,success,True,0,0.04452042522186882,0.04474835435948052,0.0100870368987229,0.08962637095041963,0.13574086616377154,0,32.1,32.1
146,nominal,fixed,success,True,0,0.026454133922598048,0.028717868788148148,0.0045798466430765055,0.053654721480829934,0.09316323393227752,0,32.0,32.0
147,nominal,fixed,success,True,0,0.08674034371754225,0.08600723465904149,0.022378626422122995,0.21230369107959796,0.24531578041737465,0,32.0,32.0
148,nominal,fixed,success,True,0,0.055490102440551574,0.0559679298512479,0.009908991139161277,0.10559048208781031,0.08151518084307396,0,32.1,32.1
149,nominal,fixed,missed_goal,False,0,0.2120099391285051,0.2119905395399908,0.041532619598141085,0.44769867691840104,0.42107427336372516,0,32.0,
100,nominal,adaptive,success,True,0,0.11465904182624753,0.11368989314808017,0.028143959476911732,0.2392847640498579,0.27197792139808474,0,44.400000000000006,44.400000000000006
101,nominal,adaptive,success,True,0,0.016756083956875507,0.018079186566590966,0.006211183941244004,0.023488377435375737,0.05892371415602019,0,44.6,44.6
102,nominal,adaptive,success,True,0,0.13830150229505556,0.1384169924598462,0.024077874014119847,0.25937997348260594,0.2939766900680419,0,44.400000000000006,44.400000000000006
103,nominal,adaptive,success,True,0,0.1413500067244691,0.1408372025008443,0.027694088871424556,0.270324471342902,0.245556211070878,0,44.400000000000006,44.400000000000006
104,nominal,adaptive,success,True,0,0.06516242346433165,0.06574087086954923,0.012050992529109485,0.1108765878943801,0.1567066590010432,0,44.400000000000006,44.400000000000006
105,nominal,adaptive,missed_goal,False,0,0.20378018947272644,0.20451101518894413,0.03807015199152564,0.4003582955648595,0.4308073536679434,0,44.400000000000006,
106,nominal,adaptive,success,True,0,0.08600130234186265,0.08524656581665878,0.012247694231096609,0.11263310055016193,0.08301233585806717,0,44.400000000000006,44.400000000000006
107,nominal,adaptive,success,True,0,0.1661974009772871,0.19069317957531726,0.03307502829077158,0.31260027886666086,0.2826224721752592,0,44.800000000000004,44.800000000000004
108,nominal,adaptive,missed_goal,False,0,0.22075844733377553,0.22064676973889139,0.04820264967846523,0.4502223268292483,0.42768947817929975,0,44.400000000000006,
109,nominal,adaptive,success,True,0,0.05403954000066122,0.05369962386174731,0.0075716291801935605,0.07858085566227643,0.13230263306726348,0,44.400000000000006,44.400000000000006
110,nominal,adaptive,success,True,0,0.03497540558943299,0.03324140323955052,0.006308343631823468,0.04683814020502117,0.09659177285700304,0,44.400000000000006,44.400000000000006
111,nominal,adaptive,success,True,0,0.059315307886491746,0.05886243658687416,0.016493496874856253,0.14362239250919903,0.144881646446837,0,44.5,44.5
112,nominal,adaptive,success,True,0,0.1409371532967527,0.14173475845962946,0.026079324527547486,0.2796011543040626,0.30936926655606173,0,44.400000000000006,44.400000000000006
113,nominal,adaptive,success,True,0,0.1701945765578347,0.1348151832499093,0.03534030470483566,0.32444713552597476,0.29586295034157584,0,45.6,45.6
114,nominal,adaptive,success,True,0,0.13199541827742114,0.132819495622024,0.020585426214104037,0.23122388612424444,0.26647865973789076,0,44.400000000000006,44.400000000000006
115,nominal,adaptive,success,True,0,0.13771231604183984,0.13694892160496036,0.027542620683851275,0.29222450376201653,0.2788954347910343,0,44.5,44.5
116,nominal,adaptive,success,True,0,0.07152228900157132,0.07190453212413808,0.017134280136954998,0.15560237353278983,0.18744961051360934,0,44.5,44.5
117,nominal,adaptive,success,True,0,0.09844023573951194,0.09960856033655367,0.021243867055747732,0.2005528459330916,0.23522061474401418,0,44.400000000000006,44.400000000000006
118,nominal,adaptive,success,True,0,0.07380933206875694,0.07506448096181564,0.011622557488067963,0.1266570534130262,0.16865308643563734,0,44.400000000000006,44.400000000000006
119,nominal,adaptive,missed_goal,False,0,0.2934179260607284,0.2945672920676098,0.06122877047913715,0.6145246835121926,0.6419236395892969,0,44.400000000000006,
120,nominal,adaptive,missed_goal,False,0,0.18863134172743248,0.18958795091365802,0.031477615964518785,0.3334184708900968,0.37134463286698743,0,44.400000000000006,
121,nominal,adaptive,success,True,0,0.0307702775886295,0.02955122089020271,0.0060152796083714,0.03020469789897025,0.08846684789299473,0,44.5,44.5
122,nominal,adaptive,success,True,0,0.095301187882336,0.09504544776223071,0.022504400251674016,0.20973555462966115,0.23901990693412065,0,44.6,44.6
123,nominal,adaptive,success,True,0,0.026936581097466845,0.027737952953785297,0.007028721776364257,0.03347447568091181,0.03295222415572897,0,44.5,44.5
124,nominal,adaptive,success,True,0,0.08738709691048117,0.08647120686363798,0.014910930259005075,0.1520378015387496,0.12483205932650895,0,44.400000000000006,44.400000000000006
125,nominal,adaptive,success,True,0,0.040410710515043836,0.041285651249082164,0.0058640663857720725,0.06432902355810251,0.10096230525270379,0,44.6,44.6
126,nominal,adaptive,success,True,0,0.03018230037621566,0.031231253721388207,0.00538703772845219,0.03222215325802526,0.08565108383637557,0,44.400000000000006,44.400000000000006
127,nominal,adaptive,success,True,0,0.08159926184057414,0.07997825332721427,0.020757929691350093,0.19852353891999536,0.2008307836049584,0,44.6,44.6
128,nominal,adaptive,success,True,0,0.1294599845491977,0.12898366174859102,0.02662742703255317,0.26917170780241395,0.25274689524974797,0,44.5,44.5
129,nominal,adaptive,success,True,0,0.17422815799008762,0.1744942825393032,0.031882409550517965,0.33073095075938685,0.3059123159136357,0,44.400000000000006,44.400000000000006
130,nominal,adaptive,success,True,0,0.07586649768467524,0.0771164135672903,0.018926075552564505,0.16944972610871348,0.2001715017152891,0,44.400000000000006,44.400000000000006
131,nominal,adaptive,success,True,0,0.011122086967462997,0.012573505930630441,0.004938759961862914,0.012978285890272766,0.05332322386772716,0,44.400000000000006,44.400000000000006
132,nominal,adaptive,success,True,0,0.09897387066180109,0.10051716085260651,0.01576693141170102,0.16906407039693916,0.2083340557512074,0,44.400000000000006,44.400000000000006
133,nominal,adaptive,success,True,0,0.05048036265676091,0.04936027248797249,0.007042685373478151,0.04541773506209569,0.036202310699773255,0,44.5,44.5
134,nominal,adaptive,success,True,0,0.15066815078200108,0.15012249746402562,0.03118934974074414,0.30146564797681735,0.27902340996760105,0,44.400000000000006,44.400000000000006
135,nominal,adaptive,success,True,0,0.04186298144966697,0.041474222898594613,0.008243381713556274,0.08278647834217545,0.08122826604305619,0,44.400000000000006,44.400000000000006
136,nominal,adaptive,success,True,0,0.14502839823662442,0.14535396906245626,0.02606934860322518,0.2713858766470897,0.2453582381155152,0,44.5,44.5
137,nominal,adaptive,success,True,0,0.10335969557808412,0.10447281680364773,0.018426153884984933,0.18887293716520073,0.22718151032154826,0,44.400000000000006,44.400000000000006
138,nominal,adaptive,success,True,0,0.14068595143094673,0.14245462895183486,0.030152835522303027,0.30855467172921536,0.329902675200626,0,44.5,44.5
139,nominal,adaptive,success,True,0,0.040259176781068294,0.041304115019899924,0.005662233566782701,0.0554001284876919,0.10405620711306665,0,44.6,44.6
140,nominal,adaptive,missed_goal,False,0,0.18675358494080913,0.187232013148561,0.03704464969565544,0.3661399118775926,0.40010574194908266,0,44.5,
141,nominal,adaptive,missed_goal,False,0,0.25081946970262314,0.25089097690318685,0.049975186753025244,0.4949287783493256,0.5279187099007459,0,44.400000000000006,
142,nominal,adaptive,missed_goal,False,0,0.2125477826779973,0.16463567523275421,0.0385613816918338,0.4231936330571369,0.40525806571979617,0,45.900000000000006,
143,nominal,adaptive,success,True,0,0.1612231068249702,0.16250945933368788,0.030434574146842336,0.3136198295914087,0.3467332333242821,0,44.400000000000006,44.400000000000006
144,nominal,adaptive,success,True,0,0.13821018433099158,0.13772651695034102,0.02382459718021947,0.24131250191808207,0.2069995104640979,0,44.5,44.5
145,nominal,adaptive,success,True,0,0.03409068854107906,0.034840408560910884,0.0070392005321633045,0.06368065043651779,0.108021338798759,0,44.6,44.6
146,nominal,adaptive,success,True,0,0.025919415380772696,0.027403993133287674,0.007158541119906976,0.058532263136041124,0.09381051610784462,0,44.5,44.5
147,nominal,adaptive,success,True,0,0.10910874354662312,0.11005211871313525,0.029997658578810274,0.25370431175048136,0.27944531358141295,0,44.400000000000006,44.400000000000006
148,nominal,adaptive,success,True,0,0.04677130834960047,0.047505008861197164,0.006867317838626677,0.07194430213200258,0.04853777578285546,0,44.5,44.5
149,nominal,adaptive,missed_goal,False,0,0.22644932045362734,0.2263387549362202,0.03941298211029763,0.3991096367740076,0.36763606840208407,0,44.400000000000006,
100,slip,fixed,missed_goal,False,0,0.2829838920518358,3.4266101312692347,0.026226215035177837,0.39939042185351314,0.43349601092409873,0,32.9,
101,slip,fixed,missed_goal,False,0,0.6281385047496993,6.8629200930622964,0.1325964222205044,1.1436528919059847,1.1893268998678523,0,32.9,
102,slip,fixed,collision,False,1,0.13011632750998295,1.0026974534646798,0.05860068953479752,0.38472536338770147,6.236714991866187,0,20.900000000000002,
103,slip,fixed,missed_goal,False,0,0.20204501958573695,1.6289745697074525,0.034672745950305596,0.45943653185907474,0.47275810795102935,0,32.300000000000004,
104,slip,fixed,missed_goal,False,0,0.4136174706828274,5.184977752172048,0.13394402670753008,0.8523487382332852,0.8915994538287871,0,32.6,
105,slip,fixed,collision,False,1,3.2516291015685024,4.168265845775937,0.8522039058138238,5.64216641539095,5.297302276643974,0,28.900000000000002,
106,slip,fixed,collision,False,1,0.2063538280802742,3.0581481427193475,0.09483316809316399,0.3529912055918514,6.278161064467419,0,20.0,
107,slip,fixed,collision,False,1,0.169335761510852,0.8199725745014219,0.09346404855769623,0.3419872234486736,7.889698038979299,0,11.700000000000001,
108,slip,fixed,collision,False,1,0.1866169201806303,0.6345320935258563,0.06271543422895694,0.3838478930669847,6.300754307635789,0,20.0,
109,slip,fixed,missed_goal,False,0,0.33245854693192217,3.6045487969318644,0.07964110301782461,0.7322352821987149,0.761263583805754,0,32.9,
110,slip,fixed,missed_goal,False,0,0.4135084950801746,5.364752574595952,0.07251469690093253,0.789964571623903,0.8444750117196338,0,33.300000000000004,
111,slip,fixed,collision,False,1,0.1545451559204393,1.6068935869329213,0.05658559269286837,0.358303064003334,6.172815547626838,0,20.5,
112,slip,fixed,collision,False,1,0.4202420680237061,0.5817048487795464,0.14188730787771645,0.6978441633431642,8.559395670680189,0,8.6,
113,slip,fixed,collision,False,1,0.1405571343957837,0.7584741981833948,0.03957353881926278,0.3564358441179404,7.828066866999866,0,12.100000000000001,
114,slip,fixed,collision,False,1,0.8079684764236169,1.6128740498631176,0.65680625995072,1.6424695671375371,10.126149458098125,0,5.300000000000001,
115,slip,fixed,collision,False,1,0.20519874583823597,0.5116237626400559,0.02454140403060354,0.32254920477322707,7.697453675373557,0,12.0,
116,slip,fixed,collision,False,1,0.17288707476906667,1.8945715253946243,0.06171636586371281,0.4164993802158794,6.30124949791207,0,20.900000000000002,
117,slip,fixed,collision,False,1,0.31535573549609347,1.9947947645741504,0.10977735717248385,0.6386074898884947,8.259559507909824,0,12.0,
118,slip,fixed,missed_goal,False,0,0.40016458719832637,6.339071196757835,0.06289858541740295,0.623962755786464,0.6802467570093291,0,33.0,
119,slip,fixed,missed_goal,False,0,0.6113453474159891,7.015356516624367,0.11819526337783942,1.2625680156074368,1.2971224284710463,0,32.6,
120,slip,fixed,collision,False,1,0.18994605864444017,0.526696726075179,0.13626982424322776,0.45920480760795035,8.233077852606367,0,11.3,
121,slip,fixed,collision,False,1,0.4028667164639035,5.444001071277881,0.09876695266743074,0.6171675669056045,6.301487915053351,0,21.0,
122,slip,fixed,success,True,0,0.08870390758194738,3.1473823964519143,0.010816841955999495,0.10742280126927913,0.15454167357824028,0,32.2,32.2
123,slip,fixed,collision,False,1,0.2109037060762776,2.26492914574883,0.057274698672568326,0.5031245049498041,6.291769897989734,0,21.200000000000003,
124,slip,fixed,missed_goal,False,0,0.36377173044773414,2.436088013309057,0.17633970289473766,1.0530787113182376,1.1091757775226307,0,33.0,
125,slip,fixed,collision,False,1,0.2037478573127342,0.5873014155745482,0.02514150507066195,0.3705217668211503,7.969821300362891,0,11.9,
126,slip,fixed,collision,False,1,0.2808084837305925,1.0165921087448633,0.03752953262400436,0.4725437885212872,8.139058800307357,0,11.9,
127,slip,fixed,missed_goal,False,0,0.2771754640263019,1.6962913875264158,0.07332913488615155,0.5824035255991091,0.6370455992025431,0,32.6,
128,slip,fixed,collision,False,1,0.3781588326875635,3.3534899715283717,0.13419264485256824,0.6288622186869007,8.51143865655251,0,9.0,
129,slip,fixed,success,True,0,0.14863384253081735,3.3380553770168317,0.010914371163292962,0.25174050855512903,0.28214206424421934,0,32.5,32.5
130,slip,fixed,missed_goal,False,0,0.22304153892825618,1.0774314845560078,0.03155959146400929,0.6672292746770639,0.7173077690619679,0,32.9,
131,slip,fixed,collision,False,1,0.41771665664376534,0.7286816451770712,0.026767250755370713,0.6374262569326579,8.275807658159927,0,11.600000000000001,
132,slip,fixed,collision,False,1,0.26778498307021464,1.6707150453691024,0.12296409915424276,0.5046668453364017,8.410006105986902,0,8.700000000000001,
133,slip,fixed,collision,False,1,0.15436234401076174,0.483493323240326,0.10316615088383803,0.34523227691183644,8.052837899797048,0,11.5,
134,slip,fixed,collision,False,1,0.21949080940616894,0.6044228250194087,0.060651057368486035,0.37559794711364825,8.083919004823516,0,11.4,
135,slip,fixed,collision,False,1,0.8510606435280355,2.095463876431995,0.6530536815343478,1.9299102669803276,10.162413720142796,0,6.2,
136,slip,fixed,collision,False,1,0.17666034792583551,1.5240991042945549,0.04777533888938277,0.3957498666460834,6.299269876444712,0,20.200000000000003,
137,slip,fixed,collision,False,1,0.5551704817991321,2.752195490061759,0.21543181973523493,1.117444374636388,5.745222624665897,0,21.1,
138,slip,fixed,collision,False,1,0.18628260126588203,1.1064774213632103,0.06805960591966108,0.41521015919900267,8.203684958976034,0,11.0,
139,slip,fixed,collision,False,1,0.24268861552279133,1.8067673094563512,0.10634745083368041,0.4358929196326842,8.251914754759353,0,9.9,
140,slip,fixed,collision,False,1,0.5002535563215006,2.203755512803036,0.33072106073267293,0.8457693770381984,9.277996733839435,0,6.7,
141,slip,fixed,missed_goal,False,0,0.27606775925673005,3.945103930892279,0.05339974194136784,0.3212350526529735,0.3747521250775598,0,32.4,
142,slip,fixed,collision,False,1,0.2499499480812167,1.6933647176610123,0.02712433391043087,0.41692345400930136,8.156227466067131,0,11.4,
143,slip,fixed,collision,False,1,0.7577846577005865,2.2836061897595292,0.5541122689179574,1.555001947508251,9.92594281222831,0,6.0,
144,slip,fixed,collision,False,1,0.36518190548068274,1.9669855015711597,0.04974934159893272,0.7769034752959026,8.008163872787051,0,13.100000000000001,
145,slip,fixed,success,True,0,0.09515494446128019,3.8021652100187278,0.024025313739964083,0.2021935893629922,0.1948492498946157,0,32.300000000000004,32.300000000000004
146,slip,fixed,collision,False,1,0.33940271167968444,1.39501410179685,0.03877002145890894,0.5261239549854776,7.994343199568929,0,12.200000000000001,
147,slip,fixed,collision,False,1,0.24843056989862922,1.5637803159943733,0.1091361333022598,0.4930365649034042,8.22301013670252,0,11.5,
148,slip,fixed,collision,False,1,0.22111984437507992,2.4599053544259797,0.06523543777547088,0.3555006688187796,7.647879606528397,0,11.600000000000001,
149,slip,fixed,collision,False,1,0.16391281848138756,2.1294979415834994,0.04097516666207155,0.29920806952146795,7.691050576271397,0,11.9,
100,slip,adaptive,success,True,0,0.1419135630512984,1.5324129188178384,0.016036051282352602,0.19897271352370896,0.2547822103834103,6,57.1,57.1
101,slip,adaptive,missed_goal,False,0,0.1857017947355942,2.5754021078524487,0.019365615872428167,0.31316929537591887,0.3726217451569032,7,56.5,
102,slip,adaptive,missed_goal,False,0,0.15648743097315604,3.9092737164420654,0.024739063961915615,0.32545530249217214,0.35412174256535117,6,57.5,
103,slip,adaptive,success,True,0,0.10713387163597494,0.4192804619928103,0.021225883904798907,0.20802940057838276,0.20422215839092267,4,51.6,51.6
104,slip,adaptive,success,True,0,0.13952769305688384,0.49106436917929674,0.014075494215585498,0.22877190037618694,0.2867380970010008,6,54.1,54.1
105,slip,adaptive,collision,False,1,0.3157394615876381,1.6669007708010175,0.033390605413984205,0.4585572784797274,7.514329313764063,5,27.6,
106,slip,adaptive,success,True,0,0.09693922952089822,1.1972328086998447,0.01592841542008797,0.13380468413157864,0.14733916679463963,4,51.900000000000006,51.900000000000006
107,slip,adaptive,success,True,0,0.19321222482523012,2.1114609920328937,0.02133225326264956,0.28735172200316156,0.28227036294517804,7,58.800000000000004,58.800000000000004
108,slip,adaptive,missed_goal,False,0,0.2906729007326846,0.7998452208184498,0.055280527371243046,0.5863500704874933,0.5674961085719964,4,52.6,
109,slip,adaptive,success,True,0,0.045646997244204325,0.867376379351195,0.006961637688595055,0.08241361255958495,0.1329705547414291,3,48.6,48.6
110,slip,adaptive,recovery_limit,False,0,0.16165991790014983,1.3580696220569135,0.012036385170151386,0.2943589497859913,0.8583126782512583,8,57.1,
111,slip,adaptive,replan_failed,False,0,0.06020244883341468,0.5765631774637944,0.014727847021901122,0.1248377199393378,5.706857845738852,4,33.0,
112,slip,adaptive,collision,False,1,1.1417631716023822,0.5017613154259363,1.087934683174868,2.353245240589565,10.761034591777568,3,13.4,
113,slip,adaptive,success,True,0,0.11322707149421829,1.9126699820724986,0.020446746987224703,0.23306747167608702,0.24866746506509016,7,58.0,58.0
114,slip,adaptive,missed_goal,False,0,0.3551648127135888,3.048715486285603,0.04430888325877141,0.5431663738682688,0.5847177508174926,6,59.800000000000004,
115,slip,adaptive,missed_goal,False,0,0.15432969384269046,2.2101785583430105,0.0377779668243875,0.3645123987588598,0.3779869702702775,6,58.2,
116,slip,adaptive,success,True,0,0.04579806038805084,2.141027129053842,0.005428405048828938,0.06103736734892027,0.11618944732728692,5,54.5,54.5
117,slip,adaptive,success,True,0,0.17854956316956758,1.2712385066086878,0.018167496313582176,0.2852232290221561,0.33802172399883923,4,54.400000000000006,54.400000000000006
118,slip,adaptive,success,True,0,0.09998020069257202,1.35189769647085,0.01133222265661128,0.17710185400582373,0.2334074517111105,8,61.300000000000004,61.300000000000004
119,slip,adaptive,missed_goal,False,0,0.5438976058273371,4.142700811513856,0.09039844632836971,1.0316093353139404,1.0714811812793548,7,60.6,
120,slip,adaptive,missed_goal,False,0,0.3697272213332376,3.292322704090295,0.06417211660707826,0.5894412368773152,0.640829579622754,6,58.1,
121,slip,adaptive,missed_goal,False,0,0.20681060921020833,3.0475566103798375,0.014548091735390659,0.32805491236174655,0.37880581028396887,8,61.400000000000006,
122,slip,adaptive,success,True,0,0.1297715709531936,0.41093305833360105,0.023385565518711245,0.2677079670129687,0.31717418182050106,4,53.300000000000004,53.300000000000004
123,slip,adaptive,success,True,0,0.09614126309513889,1.7281721855659804,0.00805125800226208,0.13746997231180239,0.1783946089556977,5,55.2,55.2
124,slip,adaptive,success,True,0,0.14884237399960773,1.8762220242672287,0.02831002606903813,0.31536949611972426,0.3364668097358626,4,51.5,51.5
125,slip,adaptive,missed_goal,False,0,0.335772637268874,4.163029658893352,0.04944590467761244,0.4872500651293368,0.5392846704285236,4,57.7,
126,slip,adaptive,missed_goal,False,0,0.24631070358781876,2.010208614403392,0.027183910569978445,0.37337743317754096,0.42311410785694664,6,57.900000000000006,
127,slip,adaptive,missed_goal,False,0,0.149495990513998,0.854869378860051,0.030475907648036794,0.3357562819254419,0.36593826268177854,6,54.800000000000004,
128,slip,adaptive,missed_goal,False,0,0.24706209332693377,4.221668989275285,0.037936341601834955,0.3794330047862311,0.42754343860893945,7,61.900000000000006,
129,slip,adaptive,success,True,0,0.13744935137284076,1.047085322952283,0.02367904676734472,0.22487952614244847,0.22311902874540446,5,54.0,54.0
130,slip,adaptive,missed_goal,False,0,0.19642952502165958,0.6438218497565273,0.04353322408868488,0.43313291569746903,0.47208804845528984,5,52.6,
131,slip,adaptive,missed_goal,False,0,0.2628815589761393,1.9378409124625573,0.011499367082459864,0.3473535969435308,0.4049005960460627,6,60.400000000000006,
132,slip,adaptive,missed_goal,False,0,0.4638896235263407,3.4425198507171344,0.04746320939888521,0.7629780624297249,0.8141306548012978,4,55.7,
133,slip,adaptive,success,True,0,0.11925140773598261,2.155391589330808,0.02226186207577457,0.13105286927109983,0.1887910451006614,8,58.900000000000006,58.900000000000006
134,slip,adaptive,success,True,0,0.1449198461422354,1.3734557188640801,0.025605708016454277,0.26323203375070553,0.2707297421288518,6,57.5,57.5
135,slip,adaptive,collision,False,1,0.2892167577492425,3.4211374914230643,0.06650037999171524,0.4335550326059162,8.180370362226276,2,18.2,
136,slip,adaptive,collision,False,1,0.16181969161979795,1.2987768164882314,0.04403958877887952,0.32434580674605956,6.222494054801528,3,30.5,
137,slip,adaptive,success,True,0,0.16803595585172681,3.0396855301308334,0.01053195298699246,0.21552660304956195,0.2623768338191819,7,60.6,60.6
138,slip,adaptive,missed_goal,False,0,0.3591432031963534,3.3222355005081723,0.043186589776186855,0.6014076439251206,0.6492769441233959,7,58.6,
139,slip,adaptive,success,True,0,0.18904192707056422,2.5023224221404474,0.02013490089176636,0.29780470088965744,0.3429798279863949,4,52.1,52.1
140,slip,adaptive,collision,False,1,0.2598620958671032,2.3878715746602577,0.07434086988997828,0.39779230356114526,7.807786240411581,2,17.2,
141,slip,adaptive,missed_goal,False,0,0.23213615914151287,1.482865757947124,0.040005318094917475,0.4470073386716661,0.49800900606127524,8,61.400000000000006,
142,slip,adaptive,missed_goal,False,0,0.14475760225027393,3.3931316897213115,0.02598245845840138,0.3114636052687483,0.35367075711449847,7,63.2,
143,slip,adaptive,collision,False,1,0.2647463070910805,2.7240961445362792,0.04885646639067692,0.4111431633803035,8.15095538293386,4,20.3,
144,slip,adaptive,recovery_limit,False,0,0.17382544229030378,0.5940072485406901,0.008356663861696907,0.25423658183514897,5.9613472754952355,8,42.7,
145,slip,adaptive,success,True,0,0.06362290337211508,1.3447166367797012,0.008195158372135816,0.12173499642315672,0.18035830002951958,5,53.5,53.5
146,slip,adaptive,success,True,0,0.17333493421480262,0.4403033499981591,0.016168093993443298,0.27732625769448316,0.32858073805636634,8,60.800000000000004,60.800000000000004
147,slip,adaptive,missed_goal,False,0,0.2994698726425698,1.379201878454732,0.04909642717409149,0.5582368415481599,0.603034260004078,7,58.900000000000006,
148,slip,adaptive,success,True,0,0.06172871400050872,1.884982322512531,0.011170586379679446,0.10801732619438952,0.1668047540945801,6,55.5,55.5
149,slip,adaptive,success,True,0,0.08138686545198953,3.2362597169568637,0.019238361355303848,0.16625705605148267,0.19010687320128503,6,56.400000000000006,56.400000000000006
100,drift,fixed,success,True,0,0.0895747307081955,0.08716287451943745,0.02391712540421834,0.21692429244235503,0.24986684984444865,0,32.0,32.0
101,drift,fixed,success,True,0,0.01950152150282061,0.01910505342636034,0.006896481163800731,0.052493668006227776,0.06926288607781533,0,32.2,32.2
102,drift,fixed,success,True,0,0.13390704475530946,0.13055487138010782,0.02537316684786186,0.2885448537020496,0.3229630197137277,0,32.0,32.0
103,drift,fixed,success,True,0,0.14036231698843085,0.14042844637876709,0.02827062418769928,0.3013326666823991,0.2763018514459129,0,32.0,32.0
104,drift,fixed,success,True,0,0.049767333128813776,0.05210681538793753,0.011750312493017603,0.1055814299516353,0.14231082822522648,0,32.1,32.1
105,drift,fixed,missed_goal,False,0,0.17037863697124156,0.1729081156494337,0.035811275855184406,0.3922230323493838,0.42231161816942675,0,32.0,
106,drift,fixed,success,True,0,0.09456369025811524,0.09669214637316317,0.014698697700999703,0.14035001320835913,0.10679122954002936,0,32.0,32.0
107,drift,fixed,success,True,0,0.16067183116189226,0.16950356722077406,0.03310547392612777,0.3422048615107131,0.3166143536743257,0,32.1,32.1
108,drift,fixed,missed_goal,False,0,0.19027933835714864,0.1908591735677257,0.043290904658602164,0.44310360530992127,0.4206221450876346,0,32.0,
109,drift,fixed,success,True,0,0.05823479991036963,0.05786962307687804,0.008830457737709123,0.0963217989873262,0.1493933065888363,0,32.0,32.0
110,drift,fixed,success,True,0,0.047321595331885076,0.044742419988098914,0.006304901397412072,0.07371899405782155,0.12415050988082105,0,32.0,32.0
111,drift,fixed,success,True,0,0.03208862576562799,0.031292625444378275,0.011669142264126561,0.10039798059688375,0.11079496543304156,0,32.1,32.1
112,drift,fixed,success,True,0,0.1317634346878546,0.13377713431124771,0.025685598353637037,0.28873190261696635,0.32036239028287233,0,32.0,32.0
113,drift,fixed,success,True,0,0.11598664036095784,0.11485354865702119,0.02584500253456049,0.2495226885448962,0.22343170174217888,0,32.0,32.0
114,drift,fixed,missed_goal,False,0,0.17068686520089799,0.12848178292359475,0.029167732894441543,0.3318141672377855,0.3694772273889949,0,32.0,
115,drift,fixed,success,True,0,0.1303715445929981,0.1293162613034147,0.02726595970625748,0.30600050083434704,0.2916540792471188,0,32.1,32.1
116,drift,fixed,success,True,0,0.05750310387486118,0.057512684946998495,0.012553829538941953,0.12820022560272273,0.16580137860523333,0,32.1,32.1
117,drift,fixed,success,True,0,0.08648281520923957,0.08640098796766993,0.017520220920806778,0.19247055187455148,0.22755304808864574,0,32.0,32.0
118,drift,fixed,success,True,0,0.07097749970981931,0.07525380082023712,0.01376120956112815,0.14960839042598095,0.18784420934948506,0,32.0,32.0
119,drift,fixed,missed_goal,False,0,0.2402592710796486,0.24079504875334581,0.04907114129281386,0.5394836730049907,0.5702543536809905,0,32.0,
120,drift,fixed,missed_goal,False,0,0.17970435749871277,0.17883517519998574,0.03302580079553038,0.37089062413989815,0.4081835506747363,0,32.1,
121,drift,fixed,success,True,0,0.02625171429131038,0.02193922368331539,0.005918345100766164,0.015212581224577,0.06997069896280232,0,32.0,32.0
122,drift,fixed,success,True,0,0.075794633588488,0.0761574648806002,0.018349101590387457,0.1837440095070519,0.21579423899371633,0,32.1,32.1
123,drift,fixed,success,True,0,0.023347926987601353,0.02613854522194874,0.004757777594641184,0.03060642022846527,0.031958469630201304,0,32.0,32.0
124,drift,fixed,success,True,0,0.08151920409903628,0.08154735584584095,0.01512929303990839,0.15847397223536916,0.13382462578978627,0,32.1,32.1
125,drift,fixed,success,True,0,0.03427641531259192,0.03215481194386679,0.0058102998800076055,0.04147777155227266,0.08962484947065479,0,32.2,32.2
126,drift,fixed,success,True,0,0.03826535816322358,0.0389338423670932,0.005818930420172748,0.05531366662321291,0.10573837176388341,0,32.0,32.0
127,drift,fixed,success,True,0,0.048837510946614565,0.04418720889223645,0.009037364037744144,0.10991222503578613,0.11829956024069342,0,32.1,32.1
128,drift,fixed,success,True,0,0.11748509904850174,0.11812702659053854,0.023813097979412542,0.2654468826147762,0.2449664870432837,0,32.0,32.0
129,drift,fixed,success,True,0,0.15138598579474044,0.15540547835045224,0.031453879530442284,0.31504928883832223,0.28526367829139704,0,32.0,32.0
130,drift,fixed,success,True,0,0.06000541108410452,0.06050170435322756,0.01339045577633952,0.13867785814054082,0.17485912509324097,0,32.0,32.0
131,drift,fixed,success,True,0,0.016128355078730446,0.016059183789530675,0.004493896032837757,0.0316506816888105,0.07775917728489884,0,32.0,32.0
132,drift,fixed,success,True,0,0.08768581126506572,0.09214127797524427,0.013470722488400033,0.14895445739048455,0.1960657004228501,0,32.0,32.0
133,drift,fixed,success,True,0,0.04807033798598599,0.04572876456393316,0.007761318591252957,0.04096927732429202,0.024699776286723547,0,32.0,32.0
134,drift,fixed,success,True,0,0.12780962070668753,0.12496741778232762,0.027829195799149043,0.29146032757665913,0.26909105602639377,0,32.0,32.0
135,drift,fixed,success,True,0,0.03865960512301447,0.03024917413862915,0.0078042423976086815,0.08292947638307548,0.07581441965814138,0,32.0,32.0
136,drift,fixed,success,True,0,0.13863944770066156,0.13925499827649676,0.024862931486090797,0.2860045028128242,0.260609725297595,0,32.0,32.0
137,drift,fixed,success,True,0,0.08850894426959033,0.0899454743107517,0.015452551005538292,0.16968591607109543,0.20608823635856885,0,32.1,32.1
138,drift,fixed,success,True,0,0.09569166054811057,0.10927065144492243,0.01712188361500893,0.19725977558917993,0.22092344917404777,0,32.1,32.1
139,drift,fixed,success,True,0,0.03310726752074929,0.03442989027373617,0.0052733696946239495,0.04327061950194445,0.09217206497528016,0,32.1,32.1
140,drift,fixed,missed_goal,False,0,0.17963826360793175,0.17969735098065578,0.03767249108324523,0.3983747654530941,0.4286251917869013,0,32.1,
141,drift,fixed,missed_goal,False,0,0.2290000448449064,0.22824690966412878,0.04652632982346679,0.5011018202991019,0.5309709046360346,0,32.1,
142,drift,fixed,missed_goal,False,0,0.19611450485167717,0.14659247458789582,0.03559252295970686,0.42100059989624017,0.4052452563741461,0,32.1,
143,drift,fixed,missed_goal,False,0,0.15370017454840032,0.15727561258844336,0.030252424068903983,0.32918341497795556,0.3644503087850776,0,32.0,
144,drift,fixed,success,True,0,0.11978658546410689,0.12067017955256082,0.022026325805824178,0.23044958858640358,0.19693135286642724,0,32.1,32.1
145,drift,fixed,success,True,0,0.04161895607294628,0.04474056905704107,0.009915261295938315,0.088121536783738,0.13227596752229853,0,32.1,32.1
146,drift,fixed,success,True,0,0.02241418507921452,0.0288708618333793,0.00454509173769917,0.047105455078425146,0.08571528558684886,0,32.1,32.1
147,drift,fixed,success,True,0,0.0869790807650347,0.08592317635317341,0.02234742998075271,0.2173122541441949,0.24831167548098873,0,32.0,32.0
148,drift,fixed,success,True,0,0.05288197513499205,0.055865298216315376,0.009694599606312781,0.09976307510671004,0.07712521345694333,0,32.1,32.1
149,drift,fixed,missed_goal,False,0,0.21177067935358299,0.21179497686958798,0.04159875678186647,0.4522552793549636,0.4265933711363401,0,32.0,
100,drift,adaptive,success,True,0,0.11692094504314414,0.11386627159268722,0.028237573019567228,0.24740181143814588,0.278788258558879,0,44.5,44.5
101,drift,adaptive,success,True,0,0.01607232917555276,0.0181470547390369,0.006194576224514417,0.02775513023541027,0.05823063059140394,0,44.6,44.6
102,drift,adaptive,success,True,0,0.14162468480439253,0.13846581519603812,0.02417686205123755,0.26471778467419155,0.29954860795143085,0,44.400000000000006,44.400000000000006
103,drift,adaptive,success,True,0,0.1422866750168748,0.14084447407265896,0.02760082537931247,0.2713391163032555,0.24590628190939293,0,44.400000000000006,44.400000000000006
104,drift,adaptive,success,True,0,0.0636226870293817,0.06581739977849782,0.012013942423586079,0.11031288953933797,0.15516919580309574,0,44.400000000000006,44.400000000000006
105,drift,adaptive,missed_goal,False,0,0.2032684046251184,0.2044560669765243,0.03825873521261392,0.40139002664838036,0.4315831999117488,0,44.400000000000006,
106,drift,adaptive,success,True,0,0.08331018230399526,0.08548425618151473,0.012238398289950693,0.10973292890317729,0.07976038684661403,0,44.400000000000006,44.400000000000006
107,drift,adaptive,success,True,0,0.1494481638088224,0.19060630993045602,0.02928892877464361,0.275095540177448,0.2449444773658087,0,45.2,45.2
108,drift,adaptive,missed_goal,False,0,0.2208908079815488,0.2206276093067282,0.04802561911273691,0.4502735027811384,0.42772336684293066,0,44.400000000000006,
109,drift,adaptive,success,True,0,0.05462220716330144,0.05382810179085579,0.00758387227435642,0.08056668481171084,0.1334249592976082,0,44.400000000000006,44.400000000000006
110,drift,adaptive,success,True,0,0.03536844350114778,0.03323519521780731,0.006297880527981565,0.04624655275106409,0.0969022111694411,0,44.400000000000006,44.400000000000006
111,drift,adaptive,success,True,0,0.05895097020717497,0.05888404087256971,0.016492991809402547,0.14374974306803556,0.14600318610003385,0,44.5,44.5
112,drift,adaptive,success,True,0,0.13918335567356674,0.1419544866215789,0.025277802012621663,0.27464465525056875,0.30398270132312466,0,44.5,44.5
113,drift,adaptive,success,True,0,0.1354780178446714,0.1339503731044608,0.02969829925883122,0.25904431201682754,0.2307909580972747,0,44.400000000000006,44.400000000000006
114,drift,adaptive,success,True,0,0.16628293166272545,0.12921470676934751,0.025928684899264108,0.28765246439785025,0.3230073094670965,0,46.0,46.0
115,drift,adaptive,success,True,0,0.16619576312381854,0.13513029381453706,0.031779427529232324,0.3406148974017205,0.3238514134576371,0,45.5,45.5
116,drift,adaptive,success,True,0,0.071214693604183,0.07191088302681362,0.017192824626638976,0.15551873720289203,0.18683822481327927,0,44.5,44.5
117,drift,adaptive,success,True,0,0.10022066865039658,0.09980224283816252,0.02116223328917915,0.2055416431084614,0.23906716455731644,0,44.400000000000006,44.400000000000006
118,drift,adaptive,success,True,0,0.07094603212432676,0.07485259545354021,0.011615969344118827,0.12214121010532837,0.16520414856435597,0,44.400000000000006,44.400000000000006
119,drift,adaptive,missed_goal,False,0,0.291736048825637,0.29519279153910233,0.059607048349250326,0.6032385747347788,0.6309159620898259,0,44.5,
120,drift,adaptive,missed_goal,False,0,0.21836073467156467,0.1880860935792598,0.036787055055347094,0.3839984044283899,0.4225956157985472,0,45.0,
121,drift,adaptive,success,True,0,0.033371817974156094,0.02955647481776106,0.0060367785999427565,0.03185710555297898,0.08955097607429159,0,44.5,44.5
122,drift,adaptive,success,True,0,0.09578720535543057,0.09521060823049286,0.02251306759959059,0.21193413694086982,0.24074542986299638,0,44.6,44.6
123,drift,adaptive,success,True,0,0.025773468966815368,0.027734145912717195,0.007026327647066643,0.038714078690420956,0.03837695030425281,0,44.5,44.5
124,drift,adaptive,success,True,0,0.08715891195317738,0.08645066782213781,0.015006850327196907,0.149825702255876,0.12129900518472506,0,44.400000000000006,44.400000000000006
125,drift,adaptive,success,True,0,0.04405734738219029,0.041211504897774455,0.0058155928794793865,0.07054967338448627,0.10553576816597966,0,44.6,44.6
126,drift,adaptive,success,True,0,0.03132897946656567,0.03126965647975756,0.005504456947305411,0.03482328098781647,0.08823999035082036,0,44.400000000000006,44.400000000000006
127,drift,adaptive,success,True,0,0.0832410184522248,0.07945966295389467,0.020642850523563988,0.2003723022769131,0.20260481122412904,0,44.5,44.5
128,drift,adaptive,success,True,0,0.12925819357689036,0.1287423320038427,0.02667959526515699,0.27013714847387127,0.25315615432626043,0,44.5,44.5
129,drift,adaptive,success,True,0,0.17059423984470637,0.17475451500386582,0.031929376621933805,0.3247055919208525,0.29967731605229064,0,44.400000000000006,44.400000000000006
130,drift,adaptive,success,True,0,0.073395971367997,0.07725327504625852,0.01886259494462287,0.1641665867887646,0.19523107769097825,0,44.400000000000006,44.400000000000006
131,drift,adaptive,success,True,0,0.021092918546907504,0.012519202570619269,0.008127232343560732,0.049793085396071045,0.06821050512627899,0,44.6,44.6
132,drift,adaptive,success,True,0,0.09661256756696626,0.10030063056456398,0.015588551001871006,0.16608160411810824,0.20622611335070937,0,44.400000000000006,44.400000000000006
133,drift,adaptive,success,True,0,0.05199906062589425,0.049425200413038675,0.007124121012425855,0.047799321444821984,0.03530797938313703,0,44.5,44.5
134,drift,adaptive,success,True,0,0.15235766527841696,0.1501539195261947,0.03115164559574053,0.3046869483047743,0.28190720255521706,0,44.400000000000006,44.400000000000006
135,drift,adaptive,success,True,0,0.058370172455088604,0.04182567462141779,0.012004149228692683,0.12348491178696161,0.11601009625284225,0,44.7,44.7
136,drift,adaptive,success,True,0,0.1447845748833447,0.145297503122018,0.025942235043404725,0.27201544578980585,0.246271465340946,0,44.5,44.5
137,drift,adaptive,success,True,0,0.10369446825460811,0.10465989055559277,0.018376399551914842,0.19029990522362056,0.22854878957111777,0,44.400000000000006,44.400000000000006
138,drift,adaptive,success,True,0,0.12858711954493612,0.14469369248086675,0.02684028432932843,0.28142975864737835,0.2992667756477969,0,45.1,45.1
139,drift,adaptive,success,True,0,0.03906725086604838,0.0413272498659986,0.0056243190393250415,0.054717620881595756,0.10347749108139997,0,44.6,44.6
140,drift,adaptive,missed_goal,False,0,0.18573299646181468,0.18726886811883825,0.03693800200141421,0.3635206161219401,0.39770133026529103,0,44.5,
141,drift,adaptive,missed_goal,False,0,0.25181779212529615,0.25089169257142513,0.04996375628284997,0.49612935488401183,0.5294908531974722,0,44.400000000000006,
142,drift,adaptive,missed_goal,False,0,0.21508934296194362,0.1646489464668282,0.038907894724349294,0.42925703023970824,0.41157089406854475,0,45.900000000000006,
143,drift,adaptive,success,True,0,0.1579533376491212,0.16232803891673203,0.030454949601125984,0.30833462918981946,0.3415587329094829,0,44.400000000000006,44.400000000000006
144,drift,adaptive,success,True,0,0.13622578661609872,0.13797010983857266,0.02385450618929294,0.2373003357318707,0.20293028586447054,0,44.5,44.5
145,drift,adaptive,success,True,0,0.03263223402740372,0.03488281939786148,0.006871499265321908,0.06571603430900252,0.10654136256539547,0,44.6,44.6
146,drift,adaptive,success,True,0,0.02266848380466128,0.02754164293920033,0.007118589519818357,0.05431620205915923,0.09169154882180482,0,44.5,44.5
147,drift,adaptive,success,True,0,0.11103781869749042,0.11000911290087534,0.02999077434945124,0.26110163061738423,0.2851598773844681,0,44.400000000000006,44.400000000000006
148,drift,adaptive,success,True,0,0.043851961264752756,0.047502613284821346,0.006670281381748281,0.06757730612828619,0.048845802624155096,0,44.5,44.5
149,drift,adaptive,missed_goal,False,0,0.22641624925580314,0.22622892867049912,0.03947814005045285,0.4009602109424548,0.36984993051951204,0,44.400000000000006,
100,combined,fixed,collision,False,1,0.1761055114792179,1.0265449352496507,0.012765271172928874,0.399404019811137,6.01328249520968,0,21.700000000000003,
101,combined,fixed,missed_goal,False,0,0.5991141802763886,6.876009484528048,0.12766690959299362,1.0792675140327959,1.1246081509087753,0,33.0,
102,combined,fixed,collision,False,1,0.12235008459167888,0.9206972341571622,0.07946960621021955,0.40785024982909945,6.2668914921642385,0,20.5,
103,combined,fixed,missed_goal,False,0,0.17624320602282859,1.622267340149846,0.027069731087761312,0.3815060730957289,0.3980314692195607,0,32.2,
104,combined,fixed,missed_goal,False,0,0.4057862455583227,5.226474588712878,0.13669401614331583,0.8444504817244787,0.8828225721890911,0,32.7,
105,combined,fixed,collision,False,1,3.055269111722475,4.643730986328353,0.8003820178135631,5.188528921774603,4.821111124904091,0,29.700000000000003,
106,combined,fixed,collision,False,1,0.2016774197015401,3.1874201686150947,0.09201074935359516,0.3609727380762466,6.108433913763248,0,20.5,
107,combined,fixed,collision,False,1,0.16510558834062733,0.7104900601173687,0.1218141809733871,0.3400633183791008,8.102412519704838,0,11.100000000000001,
108,combined,fixed,collision,False,1,0.18254554846889587,0.6871194690533242,0.05428328158209749,0.3615845480739884,6.226521722220571,0,20.400000000000002,
109,combined,fixed,missed_goal,False,0,0.2976100440918117,3.60468753975764,0.06922320041518465,0.6433149193395333,0.6763612808330437,0,32.9,
110,combined,fixed,missed_goal,False,0,0.39688436353364637,5.360319621444271,0.06695535791407012,0.7416922878886794,0.7965102397225237,0,33.300000000000004,
111,combined,fixed,collision,False,1,0.15418551664090663,1.6601833695234853,0.055179082896761746,0.3539709471901975,6.108387813107067,0,20.700000000000003,
112,combined,fixed,collision,False,1,0.4297897808744408,0.5849466182667343,0.1500654430064833,0.7237223041863131,8.592819264179639,0,8.5,
113,combined,fixed,collision,False,1,0.14127932908561455,0.7581906234116828,0.040856647050494625,0.3651477805467525,7.829323547809792,0,12.100000000000001,
114,combined,fixed,collision,False,1,0.7994550844567954,1.6124570589363136,0.6616169510497709,1.628321933356364,10.12944638654856,0,5.300000000000001,
115,combined,fixed,collision,False,1,0.20532100475350903,0.5120701884761631,0.022948559767041438,0.3253576397609266,7.695519774414755,0,12.0,
116,combined,fixed,collision,False,1,0.1659999956818221,1.86917728632394,0.07606908989374637,0.4187999319825677,6.2989324067418,0,20.6,
117,combined,fixed,collision,False,1,0.3166768750438959,1.9935930603377359,0.06794513187265568,0.5819949693087633,8.19555481555385,0,12.0,
118,combined,fixed,missed_goal,False,0,0.3915559182188839,6.335228729364558,0.05940651869265741,0.6060743469881822,0.6616904253665845,0,33.0,
119,combined,fixed,missed_goal,False,0,0.6327915664309338,7.011224060283891,0.12033265467836149,1.2942320517595405,1.3290779227243525,0,32.6,
120,combined,fixed,collision,False,1,0.19451012158471856,0.5129167944261703,0.18710276348094235,0.5006555450598879,8.234113680399895,0,11.100000000000001,
121,combined,fixed,collision,False,1,0.4268661460609694,5.441183566697014,0.1060103944021343,0.645798177870784,6.2873478816626776,0,20.900000000000002,
122,combined,fixed,success,True,0,0.09131275122710045,3.151555882671323,0.010813965496573626,0.1230676437023057,0.167437164110548,0,32.2,32.2
123,combined,fixed,collision,False,1,0.20612322741015013,2.2680587772434535,0.05940830696524594,0.4971507489806113,6.284897784180179,0,21.200000000000003,
124,combined,fixed,missed_goal,False,0,0.35541052227922343,2.4605084694574875,0.17065889651147748,1.0004895596266306,1.055356226639918,0,33.1,
125,combined,fixed,collision,False,1,0.20538848767223714,0.5919950963188794,0.027256974738301964,0.3670813087092011,7.911508846175198,0,12.0,
126,combined,fixed,collision,False,1,0.28246488617630444,1.0248092179150385,0.04413143948448249,0.47823647206951586,8.143544927070343,0,11.9,
127,combined,fixed,missed_goal,False,0,0.2741822248790175,1.6960825094939735,0.07787520166335082,0.5874742532409343,0.6405504617294209,0,32.6,
128,combined,fixed,collision,False,1,0.3695386407923281,3.462226424082523,0.12134406745901932,0.607285176021219,8.449115865920511,0,9.200000000000001,
129,combined,fixed,success,True,0,0.1496133712953037,3.334755995642043,0.010558765824505257,0.2513780073393703,0.285942712094741,0,32.5,32.5
130,combined,fixed,missed_goal,False,0,0.22156683578671094,1.0773790047521146,0.03275695064857003,0.6632192465312164,0.7137061972062663,0,32.9,
131,combined,fixed,collision,False,1,0.41987662979900486,0.7256738671234739,0.030055090690519547,0.6328014834043558,8.225894476623818,0,11.700000000000001,
132,combined,fixed,missed_goal,False,0,0.6059632748857543,4.2916489732139675,0.07967177554382555,1.183251923594576,1.2406063729776016,0,32.800000000000004,
133,combined,fixed,collision,False,1,0.1571175454075149,0.47923459706056254,0.135318014591849,0.3760978879440305,8.092417264157913,0,11.5,
134,combined,fixed,collision,False,1,0.21898686058846922,0.6084792730805445,0.0373776392379398,0.36278051141196543,8.048791443947342,0,11.5,
135,combined,fixed,collision,False,1,0.841639221886947,2.090013651586735,0.6402961329920693,1.9045913115113993,10.154349718994743,0,6.2,
136,combined,fixed,collision,False,1,0.17697144816186616,1.5516179002448143,0.047133236347778065,0.39698948308318344,6.274152911904378,0,20.3,
137,combined,fixed,collision,False,1,0.7306526670345652,2.746888764519003,0.27434228862771304,1.5091330955091375,5.443091440564203,0,21.200000000000003,
138,combined,fixed,collision,False,1,0.18381005384979068,1.125577421477287,0.06128811034552933,0.40970441951853664,8.180727472233505,0,11.100000000000001,
139,combined,fixed,collision,False,1,0.2528580261383044,2.099011518678753,0.10231441982742605,0.42528072316310717,8.160872988001332,0,10.700000000000001,
140,combined,fixed,collision,False,1,0.5011199095486384,2.2469501414858195,0.32660884227443837,0.8412155867386649,9.227548771937958,0,6.800000000000001,
141,combined,fixed,collision,False,1,0.3247772734640296,3.5707068712779964,0.05829785265109237,0.49429005964272277,6.019603779153023,0,21.900000000000002,
142,combined,fixed,collision,False,1,0.25201267101215297,1.7017734576785528,0.029675744618957053,0.418279596506611,8.11756556470014,0,11.5,
143,combined,fixed,collision,False,1,0.7537669987873418,2.224265493394351,0.5611035094947969,1.5502396103587912,9.990978507821186,0,5.9,
144,combined,fixed,collision,False,1,0.36281307312037303,1.9807484036270582,0.04821748563085902,0.7559972076544501,8.021320830835961,0,13.200000000000001,
145,combined,fixed,success,True,0,0.09396264846228851,3.8044713210558334,0.02404676911957377,0.19757761725449777,0.18874969084812263,0,32.300000000000004,32.300000000000004
146,combined,fixed,collision,False,1,0.33521450620825716,1.390345094837283,0.0382287599592524,0.526188255262399,8.038088296859998,0,12.100000000000001,
147,combined,fixed,collision,False,1,0.24758286094747745,1.562889144400465,0.10550053441904163,0.4913173138674801,8.221145788812416,0,11.5,
148,combined,fixed,collision,False,1,0.21695356889436537,2.45907979022991,0.0634750888867081,0.3448631183085942,7.656859362865123,0,11.600000000000001,
149,combined,fixed,collision,False,1,0.16538397760922993,2.129744793108004,0.04382034597298168,0.3058390379613976,7.6892167253417085,0,11.9,
100,combined,adaptive,success,True,0,0.13495201986138813,1.5329783454158614,0.013799639316673171,0.1995413759803358,0.25361020493873304,6,57.1,57.1
101,combined,adaptive,missed_goal,False,0,0.18117002317527306,2.574576069088866,0.018727104423495882,0.3038351463875996,0.36036256891366153,7,56.6,
102,combined,adaptive,success,True,0,0.1520146302125709,3.9422596656079154,0.018328035357562254,0.29328990025984303,0.3306348277433695,6,57.400000000000006,57.400000000000006
103,combined,adaptive,success,True,0,0.10413516762456682,0.4193546634143884,0.020457279298205802,0.2037366085352341,0.2011480297699146,4,51.6,51.6
104,combined,adaptive,success,True,0,0.12108604896112381,0.490494014176378,0.010826235462395098,0.20454181853206327,0.261147786402873,6,54.1,54.1
105,combined,adaptive,collision,False,1,0.294612883121793,1.5137734151910853,0.030781071348636814,0.45761208769024453,8.037670461134308,5,25.200000000000003,
106,combined,adaptive,success,True,0,0.12437917773167849,1.1798530359601684,0.020910002597185198,0.1842548996650073,0.1842269357613471,4,52.400000000000006,52.400000000000006
107,combined,adaptive,success,True,0,0.13965415261714575,2.1098919522389585,0.011621563260241915,0.16395998389786406,0.16775707046696717,7,58.800000000000004,58.800000000000004
108,combined,adaptive,missed_goal,False,0,0.22493526694905747,0.8053507389775504,0.040049286979254056,0.46180556766801145,0.4506254401331857,4,52.6,
109,combined,adaptive,success,True,0,0.045210558659984995,0.8707614645137928,0.006964539623385561,0.08059722659094916,0.1287505991283432,3,48.7,48.7
110,combined,adaptive,recovery_limit,False,0,0.1581023674560251,1.357923311324025,0.010995685597816104,0.2903909376614927,0.8530358155917822,8,57.1,
111,combined,adaptive,replan_failed,False,0,0.06034209004651506,0.5767893771338792,0.015052763960420285,0.1252807070902752,5.710610142586027,4,33.0,
112,combined,adaptive,collision,False,1,1.1354917787607928,0.5023104994558483,1.0875260051726636,2.349654016732462,10.75091416750211,3,13.5,
113,combined,adaptive,success,True,0,0.12617989522125564,1.7920092498571463,0.026514438292105386,0.2890843813498102,0.3086085500330406,7,57.7,57.7
114,combined,adaptive,collision,False,1,0.17217494451517795,1.7009074736056438,0.05828014283609151,0.3017706217474381,8.223942444524363,2,15.100000000000001,
115,combined,adaptive,missed_goal,False,0,0.16744288018588316,2.20444444129852,0.04030373941121472,0.39708367373913683,0.41123122247870453,6,58.2,
116,combined,adaptive,success,True,0,0.04171263853967903,2.14646673214217,0.005529407183246595,0.05542701030108445,0.10918967742697755,5,54.6,54.6
117,combined,adaptive,success,True,0,0.16519730688213996,1.2735223198857875,0.015370096869682293,0.2616849751554137,0.3151856526700558,4,54.400000000000006,54.400000000000006
118,combined,adaptive,success,True,0,0.09588939571339043,1.350196731704678,0.011923679289556193,0.17444302984516208,0.22811417674996443,8,61.300000000000004,61.300000000000004
119,combined,adaptive,missed_goal,False,0,0.554746819167436,4.140772008630058,0.08977279458078204,1.0405638493854894,1.080884112503839,7,60.6,
120,combined,adaptive,missed_goal,False,0,0.3578756442454933,3.237576601139316,0.054253542689164186,0.4997890458071535,0.5569354423411739,6,57.900000000000006,
121,combined,adaptive,missed_goal,False,0,0.22816703180344458,3.105148502723087,0.015574328047154544,0.3705834836660435,0.4153126933625564,8,61.300000000000004,
122,combined,adaptive,success,True,0,0.13631382081132795,0.4110555338114842,0.024484684647305584,0.2793895981739729,0.32870831250427346,4,53.300000000000004,53.300000000000004
123,combined,adaptive,success,True,0,0.08907973508386888,1.7294790472791863,0.007484382219853115,0.12724459657269416,0.17231214183809804,5,55.2,55.2
124,combined,adaptive,missed_goal,False,0,0.15326147455080624,1.8744571189288584,0.03094535077864406,0.33114369010803474,0.35108983639211067,4,51.5,
125,combined,adaptive,missed_goal,False,0,0.2933746669814358,4.172732620029707,0.03947697155528967,0.40539666211215375,0.4593849132856617,4,57.7,
126,combined,adaptive,missed_goal,False,0,0.253674080958631,2.010447484868038,0.02811938372495598,0.38615071198566764,0.4354690081775023,6,57.900000000000006,
127,combined,adaptive,missed_goal,False,0,0.16104498563919592,0.8545437267253633,0.03417973384635574,0.3643663506848013,0.3923580278341796,6,54.800000000000004,
128,combined,adaptive,missed_goal,False,0,0.2394326112170194,4.237974729269067,0.04615034937900254,0.43649127839287283,0.4755606280629875,7,61.900000000000006,
129,combined,adaptive,success,True,0,0.13654778412125754,1.048098098211762,0.024867196982293976,0.2302100142972962,0.2285873932073185,5,54.0,54.0
130,combined,adaptive,missed_goal,False,0,0.18977717032714117,0.9352146649081465,0.04021481122327402,0.39553595561232174,0.43653423677735237,6,53.7,
131,combined,adaptive,missed_goal,False,0,0.27699720681428086,1.940166634076065,0.013328106144073691,0.36590409523482065,0.4220877548688999,6,60.5,
132,combined,adaptive,missed_goal,False,0,0.4379509810952053,3.447616259705197,0.044936928867252895,0.7232486454205191,0.7740955628094497,4,55.800000000000004,
133,combined,adaptive,success,True,0,0.12006045651206218,2.212260291638106,0.012142902941051437,0.12719122235288624,0.16897219072798556,8,58.900000000000006,58.900000000000006
134,combined,adaptive,success,True,0,0.13551620163420322,1.375368412344626,0.023169645772047425,0.22858458324160286,0.23766142629883916,6,57.5,57.5
135,combined,adaptive,collision,False,1,0.2930560016435795,3.159261936935414,0.0733834467423108,0.46219329715773416,8.264115417198312,2,17.400000000000002,
136,combined,adaptive,collision,False,1,0.16482608765009552,1.2491895034907052,0.05092331704535032,0.34279707618464295,6.287594831901949,3,30.200000000000003,
137,combined,adaptive,success,True,0,0.17960871718856902,3.0392275134150077,0.011619885581091307,0.2435209688392785,0.2824532323938975,7,60.6,60.6
138,combined,adaptive,missed_goal,False,0,0.3531787291115403,3.3222355197026743,0.041368008753670533,0.5862329751903006,0.6346441309844895,7,58.6,
139,combined,adaptive,success,True,0,0.17889499079756405,2.5031251169111672,0.018306915089109792,0.2800456753510988,0.32563942272949753,4,52.1,52.1
140,combined,adaptive,collision,False,1,0.2628189865326759,2.379861441517932,0.07466315570371057,0.40108734598322787,7.841546618532387,2,17.1,
141,combined,adaptive,missed_goal,False,0,0.19988976394802419,1.4735486868361818,0.03271033156985063,0.374626231571103,0.4294974040890411,8,61.400000000000006,
142,combined,adaptive,missed_goal,False,0,0.15042194300911552,3.3884652636300636,0.027160720655245475,0.32175741226027343,0.3607272069565129,7,63.2,
143,combined,adaptive,collision,False,1,0.31406520856600406,2.6734542027247326,0.07127674798584448,0.49021692579233883,8.246692496440307,4,19.8,
144,combined,adaptive,recovery_limit,False,0,0.1517626301161346,0.43452348999219764,0.013289139956653586,0.19509636244167738,5.618417089414679,8,42.7,
145,combined,adaptive,success,True,0,0.062074838263624164,1.3462727007082629,0.008022995336232774,0.1202635005182154,0.17718965313909868,5,53.5,53.5
146,combined,adaptive,success,True,0,0.1644384849292347,0.4361373039540021,0.013809732006013091,0.2595803888233208,0.3122689664130964,8,60.800000000000004,60.800000000000004
147,combined,adaptive,missed_goal,False,0,0.29447090393497405,1.3766260235168228,0.04773921687186706,0.5514050672832184,0.5957247200502283,7,58.900000000000006,
148,combined,adaptive,success,True,0,0.049116910585611746,1.785185181672709,0.00764679296774653,0.07721755202360156,0.1343272690408288,6,54.5,54.5
149,combined,adaptive,success,True,0,0.07043850010349553,3.234588364330847,0.014743090498054572,0.122518716934513,0.16265061508261788,6,56.400000000000006,56.400000000000006
